{
  "joint-ground": [
    0.0,
    -6.100162863731384e-08,
    -0.000562518835067749
  ],
  "joint-head": [
    0.0,
    -0.016074949875473976,
    1.515237808227539
  ],
  "joint-head-2": [
    0.0,
    -0.008244939148426056,
    1.6581780910491943
  ],
  "joint-jaw": [
    0.0,
    -0.14248497784137726,
    1.43681800365448
  ],
  "joint-l-ankle": [
    0.21962003409862518,
    0.0009099440649151802,
    0.07295753061771393
  ],
  "joint-l-clavicle": [
    0.026555007323622704,
    -0.06942497193813324,
    1.3368778228759766
  ],
  "joint-l-elbow": [
    0.31293630599975586,
    -0.01320122741162777,
    1.167061448097229
  ],
  "joint-l-eye": [
    0.030775004997849464,
    -0.1245349645614624,
    1.5461578369140625
  ],
  "joint-l-eye-target": [
    0.03173501044511795,
    -0.16181498765945435,
    1.5472378730773926
  ],
  "joint-l-finger-1-1": [
    0.41950759291648865,
    -0.21343879401683807,
    1.0483278036117554
  ],
  "joint-l-finger-1-2": [
    0.40948259830474854,
    -0.2373325377702713,
    1.043311595916748
  ],
  "joint-l-finger-1-3": [
    0.39838382601737976,
    -0.26822128891944885,
    1.0287078619003296
  ],
  "joint-l-finger-1-4": [
    0.3916775584220886,
    -0.28760629892349243,
    1.017754077911377
  ],
  "joint-l-finger-2-1": [
    0.44955387711524963,
    -0.26441627740859985,
    1.0207715034484863
  ],
  "joint-l-finger-2-2": [
    0.453152596950531,
    -0.2853787839412689,
    1.0072565078735352
  ],
  "joint-l-finger-2-3": [
    0.45338261127471924,
    -0.30235379934310913,
    0.9922827482223511
  ],
  "joint-l-finger-2-4": [
    0.4529651403427124,
    -0.319431334733963,
    0.9766515493392944
  ],
  "joint-l-finger-3-1": [
    0.4608301520347595,
    -0.24789752066135406,
    1.0063577890396118
  ],
  "joint-l-finger-3-2": [
    0.4712451100349426,
    -0.26907879114151,
    0.9849827289581299
  ],
  "joint-l-finger-3-3": [
    0.47467389702796936,
    -0.285588800907135,
    0.9665602445602417
  ],
  "joint-l-finger-3-4": [
    0.47841382026672363,
    -0.3014688193798065,
    0.948020339012146
  ],
  "joint-l-finger-4-1": [
    0.46963638067245483,
    -0.23094627261161804,
    1.0002415180206299
  ],
  "joint-l-finger-4-2": [
    0.48113512992858887,
    -0.24611753225326538,
    0.9794827699661255
  ],
  "joint-l-finger-4-3": [
    0.4859101176261902,
    -0.25919008255004883,
    0.9603115320205688
  ],
  "joint-l-finger-4-4": [
    0.49153637886047363,
    -0.27167004346847534,
    0.9400228261947632
  ],
  "joint-l-finger-5-1": [
    0.4745401442050934,
    -0.21238502860069275,
    0.9941152930259705
  ],
  "joint-l-finger-5-2": [
    0.48070386052131653,
    -0.22212129831314087,
    0.9759414792060852
  ],
  "joint-l-finger-5-3": [
    0.48299136757850647,
    -0.22813254594802856,
    0.9632776975631714
  ],
  "joint-l-finger-5-4": [
    0.4856826364994049,
    -0.2352750599384308,
    0.9466727375984192
  ],
  "joint-l-foot-1": [
    0.2198600471019745,
    -0.12084508687257767,
    0.007592514157295227
  ],
  "joint-l-foot-2": [
    0.2198350578546524,
    -0.20309512317180634,
    0.015132501721382141
  ],
  "joint-l-hand": [
    0.4311850666999817,
    -0.17565500736236572,
    1.0629240274429321
  ],
  "joint-l-hand-2": [
    0.43969884514808655,
    -0.18754003942012787,
    1.0251389741897583
  ],
  "joint-l-hand-3": [
    0.4291151463985443,
    -0.19686004519462585,
    1.040367841720581
  ],
  "joint-l-knee": [
    0.15811504423618317,
    -0.03202503174543381,
    0.4482601284980774
  ],
  "joint-l-lowerlid": [
    0.031755007803440094,
    -0.16022497415542603,
    1.5359477996826172
  ],
  "joint-l-scapula": [
    0.11833503842353821,
    -0.05074496939778328,
    1.3699877262115479
  ],
  "joint-l-shoulder": [
    0.16771255433559418,
    -0.014604964293539524,
    1.342322826385498
  ],
  "joint-l-toe-1-1": [
    0.1888500601053238,
    -0.1355751007795334,
    0.017337515950202942
  ],
  "joint-l-toe-1-2": [
    0.1913900524377823,
    -0.16199509799480438,
    0.017347514629364014
  ],
  "joint-l-toe-1-3": [
    0.19560004770755768,
    -0.1917051076889038,
    0.017362505197525024
  ],
  "joint-l-toe-2-1": [
    0.2133975476026535,
    -0.13844509422779083,
    0.017427504062652588
  ],
  "joint-l-toe-2-2": [
    0.21503004431724548,
    -0.160395085811615,
    0.01743251085281372
  ],
  "joint-l-toe-2-3": [
    0.21538004279136658,
    -0.17428511381149292,
    0.01743251085281372
  ],
  "joint-l-toe-2-4": [
    0.21638505160808563,
    -0.19166511297225952,
    0.017437517642974854
  ],
  "joint-l-toe-3-1": [
    0.23086003959178925,
    -0.13530509173870087,
    0.017492517828941345
  ],
  "joint-l-toe-3-2": [
    0.23150506615638733,
    -0.15557509660720825,
    0.017492517828941345
  ],
  "joint-l-toe-3-3": [
    0.23121754825115204,
    -0.16823510825634003,
    0.017492517828941345
  ],
  "joint-l-toe-3-4": [
    0.23137003183364868,
    -0.18169011175632477,
    0.017492517828941345
  ],
  "joint-l-toe-4-1": [
    0.24620506167411804,
    -0.12716509401798248,
    0.01754753291606903
  ],
  "joint-l-toe-4-2": [
    0.24653756618499756,
    -0.14295509457588196,
    0.01754753291606903
  ],
  "joint-l-toe-4-3": [
    0.2454550713300705,
    -0.155315101146698,
    0.017542526125907898
  ],
  "joint-l-toe-4-4": [
    0.2461775690317154,
    -0.16655510663986206,
    0.01754753291606903
  ],
  "joint-l-toe-5-1": [
    0.26076504588127136,
    -0.12307508289813995,
    0.017602503299713135
  ],
  "joint-l-toe-5-2": [
    0.2607850432395935,
    -0.13481509685516357,
    0.017602503299713135
  ],
  "joint-l-toe-5-3": [
    0.25948506593704224,
    -0.143185093998909,
    0.01759500801563263
  ],
  "joint-l-toe-5-4": [
    0.25954505801200867,
    -0.15449509024620056,
    0.017597496509552002
  ],
  "joint-l-upper-leg": [
    0.11036501079797745,
    -0.01229500025510788,
    0.866357684135437
  ],
  "joint-l-upperlid": [
    0.03162501007318497,
    -0.15896496176719666,
    1.5584979057312012
  ],
  "joint-mouth": [
    0.0,
    -0.06414496153593063,
    1.5062179565429688
  ],
  "joint-neck": [
    0.0,
    -0.006804957054555416,
    1.4067678451538086
  ],
  "joint-pelvis": [
    0.0,
    -0.01444999873638153,
    0.8904277086257935
  ],
  "joint-r-ankle": [
    -0.21962003409862518,
    0.0009099440649151802,
    0.07295753061771393
  ],
  "joint-r-clavicle": [
    -0.026555007323622704,
    -0.06942497193813324,
    1.3368778228759766
  ],
  "joint-r-elbow": [
    -0.31293630599975586,
    -0.01320122741162777,
    1.167061448097229
  ],
  "joint-r-eye": [
    -0.030775004997849464,
    -0.1245349645614624,
    1.5461578369140625
  ],
  "joint-r-eye-target": [
    -0.03173501044511795,
    -0.16181498765945435,
    1.5472378730773926
  ],
  "joint-r-finger-1-1": [
    -0.41950759291648865,
    -0.21343879401683807,
    1.0483278036117554
  ],
  "joint-r-finger-1-2": [
    -0.40948259830474854,
    -0.2373325377702713,
    1.043311595916748
  ],
  "joint-r-finger-1-3": [
    -0.39838382601737976,
    -0.26822128891944885,
    1.0287078619003296
  ],
  "joint-r-finger-1-4": [
    -0.3916775584220886,
    -0.28760629892349243,
    1.017754077911377
  ],
  "joint-r-finger-2-1": [
    -0.44955387711524963,
    -0.26441627740859985,
    1.0207715034484863
  ],
  "joint-r-finger-2-2": [
    -0.453152596950531,
    -0.2853787839412689,
    1.0072565078735352
  ],
  "joint-r-finger-2-3": [
    -0.45338261127471924,
    -0.30235379934310913,
    0.9922827482223511
  ],
  "joint-r-finger-2-4": [
    -0.4529651403427124,
    -0.319431334733963,
    0.9766515493392944
  ],
  "joint-r-finger-3-1": [
    -0.4608301520347595,
    -0.24789752066135406,
    1.0063577890396118
  ],
  "joint-r-finger-3-2": [
    -0.4712451100349426,
    -0.26907879114151,
    0.9849827289581299
  ],
  "joint-r-finger-3-3": [
    -0.47467389702796936,
    -0.285588800907135,
    0.9665602445602417
  ],